Distributor Name,Region,Country,Covered Brands,Product Categories,Contact,Website,Warehouse Location,Stock Status / Notes
APAC Energy Hub 1,APAC,China,"Growatt, Trina, CATL","Battery Storage, Solar Panels",contact1@energyhub.com,https://www.energyhub1.com,China - Industrial Zone 1,Available on Request
Europe Energy Hub 2,Europe,Spain,"Deye, FoxESS, SolarX","Solar Panels, EV Chargers",contact2@energyhub.com,https://www.energyhub2.com,Spain - Industrial Zone 2,Pre-order
North America Energy Hub 3,North America,USA,"Longi, AlphaESS, Deye","Battery Storage, Hybrid Systems",contact3@energyhub.com,https://www.energyhub3.com,USA - Industrial Zone 3,Available on Request
Africa Energy Hub 4,Africa,South Africa,"FoxESS, AlphaESS, CATL","EV Chargers, Inverters",contact4@energyhub.com,https://www.energyhub4.com,South Africa - Industrial Zone 4,Bulk Stock
Middle East Energy Hub 5,Middle East,UAE,"Growatt, AlphaESS, Jinko","Hybrid Systems, Solar Panels",contact5@energyhub.com,https://www.energyhub5.com,UAE - Industrial Zone 5,Pre-order
APAC Energy Hub 6,APAC,Australia,"Deye, Growatt, Anker","Inverters, EV Chargers",contact6@energyhub.com,https://www.energyhub6.com,Australia - Industrial Zone 6,Available on Request
Europe Energy Hub 7,Europe,Germany,"AlphaESS, Trina, Anker","Hybrid Systems, EV Chargers",contact7@energyhub.com,https://www.energyhub7.com,Germany - Industrial Zone 7,Available on Request
North America Energy Hub 8,North America,Canada,"AlphaESS, SolarX, CATL","Battery Storage, Solar Panels",contact8@energyhub.com,https://www.energyhub8.com,Canada - Industrial Zone 8,Pre-order
Africa Energy Hub 9,Africa,South Africa,"Deye, Growatt, FoxESS","Battery Storage, Solar Panels",contact9@energyhub.com,https://www.energyhub9.com,South Africa - Industrial Zone 9,Low Stock
Middle East Energy Hub 10,Middle East,Saudi Arabia,"Growatt, Trina, AlphaESS","Solar Panels, Hybrid Systems",contact10@energyhub.com,https://www.energyhub10.com,Saudi Arabia - Industrial Zone 10,Low Stock
APAC Energy Hub 11,APAC,India,"SolarX, Trina, Anker","Inverters, Hybrid Systems",contact11@energyhub.com,https://www.energyhub11.com,India - Industrial Zone 11,Available on Request
Europe Energy Hub 12,Europe,Netherlands,"SolarX, CATL, Jinko","Solar Panels, Battery Storage",contact12@energyhub.com,https://www.energyhub12.com,Netherlands - Industrial Zone 12,Available on Request
North America Energy Hub 13,North America,Canada,"Anker, Jinko, CATL","Battery Storage, EV Chargers",contact13@energyhub.com,https://www.energyhub13.com,Canada - Industrial Zone 13,In Stock
Africa Energy Hub 14,Africa,Kenya,"Deye, Growatt, Trina","Hybrid Systems, Solar Panels",contact14@energyhub.com,https://www.energyhub14.com,Kenya - Industrial Zone 14,Bulk Stock
Middle East Energy Hub 15,Middle East,UAE,"Trina, AlphaESS, Deye","Solar Panels, EV Chargers",contact15@energyhub.com,https://www.energyhub15.com,UAE - Industrial Zone 15,Low Stock
APAC Energy Hub 16,APAC,Singapore,"Growatt, Jinko, AlphaESS","Solar Panels, Battery Storage",contact16@energyhub.com,https://www.energyhub16.com,Singapore - Industrial Zone 16,In Stock
Europe Energy Hub 17,Europe,Germany,"Jinko, Longi, CATL","EV Chargers, Inverters",contact17@energyhub.com,https://www.energyhub17.com,Germany - Industrial Zone 17,Available on Request
North America Energy Hub 18,North America,Canada,"AlphaESS, FoxESS, Anker","Solar Panels, Hybrid Systems",contact18@energyhub.com,https://www.energyhub18.com,Canada - Industrial Zone 18,Low Stock
Africa Energy Hub 19,Africa,South Africa,"Growatt, Longi, SolarX","EV Chargers, Solar Panels",contact19@energyhub.com,https://www.energyhub19.com,South Africa - Industrial Zone 19,In Stock
Middle East Energy Hub 20,Middle East,UAE,"Longi, CATL, AlphaESS","EV Chargers, Inverters",contact20@energyhub.com,https://www.energyhub20.com,UAE - Industrial Zone 20,Available on Request
APAC Energy Hub 21,APAC,China,"Longi, AlphaESS, Anker","Solar Panels, EV Chargers",contact21@energyhub.com,https://www.energyhub21.com,China - Industrial Zone 21,In Stock
Europe Energy Hub 22,Europe,France,"Growatt, Longi, Jinko","Battery Storage, Inverters",contact22@energyhub.com,https://www.energyhub22.com,France - Industrial Zone 22,Low Stock
North America Energy Hub 23,North America,USA,"Trina, Longi, Growatt","Hybrid Systems, EV Chargers",contact23@energyhub.com,https://www.energyhub23.com,USA - Industrial Zone 23,Low Stock
Africa Energy Hub 24,Africa,Kenya,"CATL, Jinko, Anker","Battery Storage, Hybrid Systems",contact24@energyhub.com,https://www.energyhub24.com,Kenya - Industrial Zone 24,Available on Request
Middle East Energy Hub 25,Middle East,UAE,"Growatt, Anker, SolarX","EV Chargers, Inverters",contact25@energyhub.com,https://www.energyhub25.com,UAE - Industrial Zone 25,Pre-order
